Set,TANH_MSE,TANH_MAE,TANH_RMSE,ELU_MSE,ELU_MAE,ELU_RMSE
Train,4.578715,1.7177447,2.1397932,23.44288,4.0895066,4.841785
Validation,26.932623,4.4184685,5.189665,53.814472,6.7951784,7.335835
Test,487.16888,20.25164,22.071903,179.27255,10.626646,13.38927
