{
    "TANH Model": {
        "MAE": 28.85009765625,
        "MAE_percent": 19.353166580200195,
        "RMSE": 31.175083050774,
        "RMSE_percent": 20.9128088297034,
        "R2": -2.35801100730896
    },
    "ELU Model": {
        "MAE": 7.9396891593933105,
        "MAE_percent": 5.32608699798584,
        "RMSE": 8.38835468514121,
        "RMSE_percent": 5.627059842644097,
        "R2": 0.7568801641464233
    }
}