Set,TANH_MSE,TANH_MAE,TANH_RMSE,ELU_MSE,ELU_MAE,ELU_RMSE
Train,285.16443,13.938271,16.886812,284.41647,13.916208,16.86465
Validation,3193.0986,55.98345,56.50751,3187.1245,55.93093,56.454624
Test,8822.2295,92.28976,93.92673,8803.309,92.19192,93.82595
