{
    "baseline": {
        "TANH Model": {
            "MAE": 0.6117277145385742,
            "RMSE": 0.7352601661978043,
            "R2": 0.5333311557769775
        },
        "ELU Model": {
            "MAE": 0.9146633744239807,
            "RMSE": 1.122743834368829,
            "R2": -0.08814847469329834
        }
    },
    "mean_variance": {
        "TANH Model": {
            "MAE": 1.1430851221084595,
            "RMSE": 1.3628541118774344,
            "R2": -0.5879688262939453
        },
        "ELU Model": {
            "MAE": 1.113657832145691,
            "RMSE": 1.3334902829937934,
            "R2": -0.520277738571167
        }
    },
    "volume_momentum": {
        "TANH Model": {
            "MAE": 0.811397135257721,
            "RMSE": 0.9763854514800535,
            "R2": 0.17670613527297974
        },
        "ELU Model": {
            "MAE": 1.0505924224853516,
            "RMSE": 1.2662504558054037,
            "R2": -0.3846867084503174
        }
    },
    "focused_oscillators": {
        "TANH Model": {
            "MAE": 0.8426149487495422,
            "RMSE": 1.0600240131573218,
            "R2": 0.02961587905883789
        },
        "ELU Model": {
            "MAE": 0.7820713520050049,
            "RMSE": 0.9545526287502838,
            "R2": 0.21311360597610474
        }
    },
    "comprehensive": {
        "TANH Model": {
            "MAE": 0.8856788873672485,
            "RMSE": 1.0796178350870052,
            "R2": 0.0034862160682678223
        },
        "ELU Model": {
            "MAE": 0.5787822604179382,
            "RMSE": 0.72542207697984,
            "R2": 0.5500909090042114
        }
    }
}