{
    "TANH Model": {
        "MAE": 7.880220890045166,
        "MAE_percent": 5.300065517425537,
        "RMSE": 8.827814309383553,
        "RMSE_percent": 5.937396100940113,
        "R2": 0.7437953948974609
    },
    "ELU Model": {
        "MAE": 1854.662353515625,
        "MAE_percent": 1247.4056396484375,
        "RMSE": 2516.147451959046,
        "RMSE_percent": 1692.306107387442,
        "R2": -20812.86328125
    }
}