{
    "metadata": {
        "config_name": "70-30_split_lower_batch_lower_seq_lr_and_hidden_size",
        "timestamp": "20250522_082242",
        "description": "LSTM model for stock price prediction"
    },
    "dataset": {
        "name": "air_liquide.csv",
        "sequence_length": 25,
        "original_size": 3838,
        "processed_size": 3833,
        "sequence_dataset_size": 3808,
        "feature_columns": [
            "Close",
            "Return_1D",
            "Return_5D"
        ]
    },
    "models": {
        "TANH": {
            "architecture": {
                "model_type": "LSTM",
                "input_size": 3,
                "hidden_sizes": [
                    124
                ],
                "dropout": 0.3,
                "total_params_tanh": 310621
            },
            "total_params": 310621,
            "activation": "tanh",
            "best_epoch": 26,
            "losses_at_best_epoch": {
                "train_loss": 0.0003971750071893136,
                "val_loss": 0.0003519581853955363,
                "test_loss": 0.00232544738941619
            },
            "final_metrics": {
                "MAE": 7.880220890045166,
                "MAE_percent": 5.300065517425537,
                "RMSE": 8.827814309383553,
                "RMSE_percent": 5.937396100940113,
                "R2": 0.7437953948974609
            }
        },
        "ELU": {
            "architecture": {
                "model_type": "LSTM",
                "input_size": 3,
                "hidden_sizes": [
                    124
                ],
                "dropout": 0.3,
                "total_params_elu": 310621
            },
            "total_params": 310621,
            "activation": "elu",
            "best_epoch": 4,
            "losses_at_best_epoch": {
                "train_loss": 0.01036803977608326,
                "val_loss": 0.050330849157439336,
                "test_loss": 0.07685414204994838
            },
            "final_metrics": {
                "MAE": 1854.662353515625,
                "MAE_percent": 1247.4056396484375,
                "RMSE": 2516.147451959046,
                "RMSE_percent": 1692.306107387442,
                "R2": -20812.86328125
            }
        }
    },
    "training_parameters": {
        "batch_size": 64,
        "epochs": 100,
        "learning_rate": 0.0001,
        "train_size": 0.7,
        "test_size": 0.15,
        "validation_size": 0.15,
        "patience": 5
    },
    "system": {
        "device": "cpu",
        "torch_version": "2.7.0+cu126",
        "python_version": "2.7.0+cu126"
    }
}