{
    "TANH Model": {
        "MAE": 20.25164031982422,
        "MAE_percent": 13.548699378967285,
        "RMSE": 22.071902597586455,
        "RMSE_percent": 14.766486620881597,
        "R2": -0.7797048091888428
    },
    "ELU Model": {
        "MAE": 10.626646041870117,
        "MAE_percent": 7.109411239624023,
        "RMSE": 13.389270050687392,
        "RMSE_percent": 8.957654474629013,
        "R2": 0.3450890779495239
    }
}