{
    "metadata": {
        "config_name": "70-30_split_lower_batch_higher_seq",
        "timestamp": "20250521_140125",
        "description": "LSTM model for stock price prediction"
    },
    "dataset": {
        "name": "air_liquide.csv",
        "sequence_length": 90,
        "original_size": 3838,
        "processed_size": 3833,
        "sequence_dataset_size": 3743,
        "feature_columns": [
            "Close",
            "Return_1D",
            "Return_5D"
        ]
    },
    "models": {
        "TANH": {
            "architecture": {
                "model_type": "LSTM",
                "input_size": 3,
                "hidden_sizes": [
                    50
                ],
                "dropout": 0.3,
                "total_params_tanh": 51251
            },
            "total_params": 51251,
            "activation": "tanh",
            "best_epoch": 4,
            "losses_at_best_epoch": {
                "train_loss": 0.0015011752186138638,
                "val_loss": 0.0005471772456075996,
                "test_loss": 0.018081790101455733
            },
            "final_metrics": {
                "MAE": 20.25164031982422,
                "MAE_percent": 13.548699378967285,
                "RMSE": 22.071902597586455,
                "RMSE_percent": 14.766486620881597,
                "R2": -0.7797048091888428
            }
        },
        "ELU": {
            "architecture": {
                "model_type": "LSTM",
                "input_size": 3,
                "hidden_sizes": [
                    50
                ],
                "dropout": 0.3,
                "total_params_elu": 51251
            },
            "total_params": 51251,
            "activation": "elu",
            "best_epoch": 100,
            "losses_at_best_epoch": {
                "train_loss": 0.003451561487120826,
                "val_loss": 0.00249347067438066,
                "test_loss": 0.00862123015556588
            },
            "final_metrics": {
                "MAE": 10.626646041870117,
                "MAE_percent": 7.109411239624023,
                "RMSE": 13.389270050687392,
                "RMSE_percent": 8.957654474629013,
                "R2": 0.3450890779495239
            }
        }
    },
    "training_parameters": {
        "batch_size": 64,
        "epochs": 100,
        "learning_rate": 0.001,
        "train_size": 0.7,
        "test_size": 0.15,
        "validation_size": 0.15,
        "patience": 15
    },
    "system": {
        "device": "cpu",
        "torch_version": "2.7.0+cu126",
        "python_version": "2.7.0+cu126"
    }
}