{
    "TANH Model": {
        "MAE": 7.061616897583008,
        "MAE_percent": 4.749489784240723,
        "RMSE": 8.04217380117106,
        "RMSE_percent": 5.408991364872755,
        "R2": 0.7873685359954834
    },
    "ELU Model": {
        "MAE": 173.4042510986328,
        "MAE_percent": 116.6279296875,
        "RMSE": 219.47132856594274,
        "RMSE_percent": 147.61164709937918,
        "R2": -157.35659790039062
    }
}