{
    "metadata": {
        "config_name": "70-30_split_lower_batch_lower_seq_lower_lr_and_hidden_size",
        "timestamp": "20250521_222427",
        "description": "LSTM model for stock price prediction"
    },
    "dataset": {
        "name": "air_liquide.csv",
        "sequence_length": 28,
        "original_size": 3838,
        "processed_size": 3833,
        "sequence_dataset_size": 3805,
        "feature_columns": [
            "Close",
            "Return_1D",
            "Return_5D"
        ]
    },
    "models": {
        "TANH": {
            "architecture": {
                "model_type": "LSTM",
                "input_size": 3,
                "hidden_sizes": [
                    124
                ],
                "dropout": 0.3,
                "total_params_tanh": 310621
            },
            "total_params": 310621,
            "activation": "tanh",
            "best_epoch": 98,
            "losses_at_best_epoch": {
                "train_loss": 0.00023006511730186286,
                "val_loss": 0.0002742008015047759,
                "test_loss": 0.002395534701645374
            },
            "final_metrics": {
                "MAE": 7.061616897583008,
                "MAE_percent": 4.749489784240723,
                "RMSE": 8.04217380117106,
                "RMSE_percent": 5.408991364872755,
                "R2": 0.7873685359954834
            }
        },
        "ELU": {
            "architecture": {
                "model_type": "LSTM",
                "input_size": 3,
                "hidden_sizes": [
                    124
                ],
                "dropout": 0.3,
                "total_params_elu": 310621
            },
            "total_params": 310621,
            "activation": "elu",
            "best_epoch": 8,
            "losses_at_best_epoch": {
                "train_loss": 0.0078762789656009,
                "val_loss": 0.0051160466624423865,
                "test_loss": 42.788735492154956
            },
            "final_metrics": {
                "MAE": 173.4042510986328,
                "MAE_percent": 116.6279296875,
                "RMSE": 219.47132856594274,
                "RMSE_percent": 147.61164709937918,
                "R2": -157.35659790039062
            }
        }
    },
    "training_parameters": {
        "batch_size": 128,
        "epochs": 100,
        "learning_rate": 0.0001,
        "train_size": 0.7,
        "test_size": 0.15,
        "validation_size": 0.15,
        "patience": 15
    },
    "system": {
        "device": "cpu",
        "torch_version": "2.7.0+cu126",
        "python_version": "2.7.0+cu126"
    }
}