Set,TANH_MSE,TANH_MAE,TANH_RMSE,ELU_MSE,ELU_MAE,ELU_RMSE
Train,0.7356784,0.60824805,0.857717,0.7436227,0.6056366,0.8623356
Validation,7.4663496,2.2858644,2.7324622,3.7477975,1.545601,1.9359229
Test,129.67712,10.271142,11.387587,5.3851967,1.8447722,2.3206027
