Set,TANH_MSE,TANH_MAE,TANH_RMSE,ELU_MSE,ELU_MAE,ELU_RMSE
Train,287.6838,13.725007,16.961245,285.50848,13.800907,16.896996
Validation,3392.8018,57.741257,58.24776,3298.6743,56.919384,57.434086
Test,9136.249,93.98163,95.583725,8986.197,93.178764,94.795555
