{
    "TANH Model": {
        "MAE": 32.302059173583984,
        "MAE_percent": 21.725664138793945,
        "RMSE": 34.991473221946336,
        "RMSE_percent": 23.534504622882388,
        "R2": -3.025362491607666
    },
    "ELU Model": {
        "MAE": 1.4950578212738037,
        "MAE_percent": 1.0055433511734009,
        "RMSE": 1.9555903629735771,
        "RMSE_percent": 1.3152875886631763,
        "R2": 0.9874270558357239
    }
}