{
    "TANH Model": {
        "MAE": 12.211562156677246,
        "MAE_percent": 8.213232040405273,
        "RMSE": 13.553818415942562,
        "RMSE_percent": 9.116003780247977,
        "R2": 0.396045982837677
    },
    "ELU Model": {
        "MAE": 4.102077484130859,
        "MAE_percent": 2.7589683532714844,
        "RMSE": 5.08250862477364,
        "RMSE_percent": 3.4183848724195416,
        "R2": 0.9150747656822205
    }
}