{
    "TANH Model": {
        "MAE": 0.811397135257721,
        "RMSE": 0.9763854514800535,
        "R2": 0.17670613527297974
    },
    "ELU Model": {
        "MAE": 1.0505924224853516,
        "RMSE": 1.2662504558054037,
        "R2": -0.3846867084503174
    }
}