{
    "TANH Model": {
        "MAE": 9.085470199584961,
        "RMSE": 11.29043960571289,
        "R2": 0.6957516670227051
    },
    "ELU Model": {
        "MAE": 3.334798812866211,
        "RMSE": 4.207441329956055,
        "R2": 0.9577484726905823
    }
}