Set,TANH_MSE,TANH_MAE,TANH_RMSE,ELU_MSE,ELU_MAE,ELU_RMSE
Train,3.9849453,1.5266275,1.9962327,2.0990298,1.1362878,1.4488028
Validation,43.56023,5.167601,6.6000175,34.834072,5.341243,5.9020395
Test,916.6514,26.894144,30.276253,58.12259,6.644221,7.6238174
