{
    "TANH Model": {
        "MAE": 7.777327060699463,
        "MAE_percent": 5.508368492126465,
        "RMSE": 10.098140552941077,
        "RMSE_percent": 7.1521075937412375,
        "R2": 0.7566045522689819
    },
    "ELU Model": {
        "MAE": 1.8956348896026611,
        "MAE_percent": 1.342602014541626,
        "RMSE": 2.4878479297320744,
        "RMSE_percent": 1.7620428213516879,
        "R2": 0.9852266907691956
    }
}