{
    "TANH Model": {
        "MAE": 10.82821273803711,
        "MAE_percent": 7.669188022613525,
        "RMSE": 14.026813442878897,
        "RMSE_percent": 9.934628896761327,
        "R2": 0.5303789377212524
    },
    "ELU Model": {
        "MAE": 3.176177740097046,
        "MAE_percent": 2.249559164047241,
        "RMSE": 4.013772381268985,
        "RMSE_percent": 2.842793856663233,
        "R2": 0.9615465998649597
    }
}