{
    "TANH Model": {
        "MAE": 21.98877716064453,
        "RMSE": 27.394630432128906,
        "R2": -0.7911722660064697
    },
    "ELU Model": {
        "MAE": 24.04220962524414,
        "RMSE": 28.219919204711914,
        "R2": -0.9007195234298706
    }
}