{
    "TANH Model": {
        "MAE": 18.54912757873535,
        "RMSE": 23.03318214416504,
        "R2": -0.26623499393463135
    },
    "ELU Model": {
        "MAE": 9.704792976379395,
        "RMSE": 11.359951972961426,
        "R2": 0.6919938325881958
    }
}