Set,TANH_MSE,TANH_MAE,TANH_RMSE,ELU_MSE,ELU_MAE,ELU_RMSE
Train,3.063069,1.317245,1.7501626,31.198593,4.393015,5.58557
Validation,10.5068445,2.6535316,3.2414262,6023.615,63.32026,77.61195
Test,77.930305,7.880221,8.827814,6330998.0,1854.6624,2516.1475
