{
    "TANH Model": {
        "MAE": 40.72296142578125,
        "MAE_percent": 27.389379501342773,
        "RMSE": 43.34133070483214,
        "RMSE_percent": 29.15043734697632,
        "R2": -5.175683498382568
    },
    "ELU Model": {
        "MAE": 3.6169612407684326,
        "MAE_percent": 2.432689666748047,
        "RMSE": 4.514016468820881,
        "RMSE_percent": 3.036029400059742,
        "R2": 0.933010458946228
    }
}