Set,TANH_MSE,TANH_MAE,TANH_RMSE,ELU_MSE,ELU_MAE,ELU_RMSE
Train,284.5587,13.921088,16.868868,284.33237,13.918303,16.862158
Validation,3187.501,55.934082,56.45796,3183.0867,55.89529,56.41885
Test,8805.393,92.20255,93.83705,8795.418,92.14938,93.78389
