{
    "TANH Model": {
        "MAE": 26.89414405822754,
        "MAE_percent": 19.068384170532227,
        "RMSE": 30.27625188530866,
        "RMSE_percent": 21.466353683242637,
        "R2": -1.1902167797088623
    },
    "ELU Model": {
        "MAE": 6.64422082901001,
        "MAE_percent": 4.710860252380371,
        "RMSE": 7.623817227041066,
        "RMSE_percent": 5.4054100762543325,
        "R2": 0.86112380027771
    }
}