{
    "TANH Model": {
        "MAE": 12.120433807373047,
        "MAE_percent": 8.593584060668945,
        "RMSE": 13.857455321709107,
        "RMSE_percent": 9.82516059822733,
        "R2": 0.5411720275878906
    },
    "ELU Model": {
        "MAE": 18.54420280456543,
        "MAE_percent": 13.148140907287598,
        "RMSE": 19.89139365413862,
        "RMSE_percent": 14.103320749539161,
        "R2": 0.054604947566986084
    }
}