{
    "metadata": {
        "config_name": "60-20_split_baseline",
        "timestamp": "20250626_113112",
        "description": "LSTM model for stock price prediction"
    },
    "dataset": {
        "name": "air_liquide.csv",
        "sequence_length": 28,
        "original_size": 3838,
        "processed_size": 3833,
        "sequence_dataset_size": 3805,
        "feature_columns": [
            "Close",
            "Return_1D",
            "Return_5D"
        ]
    },
    "models": {
        "TANH": {
            "architecture": {
                "model_type": "LSTM",
                "input_size": 3,
                "hidden_sizes": [
                    124
                ],
                "dropout": 0.3,
                "total_params_tanh": 310621
            },
            "total_params": 310621,
            "activation": "tanh",
            "best_epoch": 55,
            "losses_at_best_epoch": {
                "train_loss": 0.00011000277522220535,
                "val_loss": 0.00016552327906538267,
                "test_loss": 0.0050929154410065776
            },
            "final_metrics": {
                "MAE": 12.120433807373047,
                "MAE_percent": 8.593584060668945,
                "RMSE": 13.857455321709107,
                "RMSE_percent": 9.82516059822733,
                "R2": 0.5411720275878906
            }
        },
        "ELU": {
            "architecture": {
                "model_type": "LSTM",
                "input_size": 3,
                "hidden_sizes": [
                    124
                ],
                "dropout": 0.3,
                "total_params_elu": 310621
            },
            "total_params": 310621,
            "activation": "elu",
            "best_epoch": 26,
            "losses_at_best_epoch": {
                "train_loss": 9.187325081762133e-05,
                "val_loss": 0.0004785868344091189,
                "test_loss": 0.008933096833061427
            },
            "final_metrics": {
                "MAE": 18.54420280456543,
                "MAE_percent": 13.148140907287598,
                "RMSE": 19.89139365413862,
                "RMSE_percent": 14.103320749539161,
                "R2": 0.054604947566986084
            }
        }
    },
    "training_parameters": {
        "batch_size": 64,
        "epochs": 100,
        "learning_rate": 0.0015,
        "train_size": 0.6,
        "test_size": 0.2,
        "validation_size": 0.2,
        "patience": 15
    },
    "system": {
        "device": "cpu",
        "torch_version": "2.7.1+cu126",
        "python_version": "2.7.1+cu126"
    }
}