{
    "TANH Model": {
        "MAE": 92.28975677490234,
        "MAE_percent": 62.072086334228516,
        "RMSE": 93.9267240575732,
        "RMSE_percent": 63.17307383784966,
        "R2": -28.00406265258789
    },
    "ELU Model": {
        "MAE": 92.1919174194336,
        "MAE_percent": 62.006282806396484,
        "RMSE": 93.82594840314698,
        "RMSE_percent": 63.10529432225383,
        "R2": -27.94186019897461
    }
}