{
    "TANH Model": {
        "MAE": 9.02656364440918,
        "RMSE": 11.322315216064453,
        "R2": 0.6940313577651978
    },
    "ELU Model": {
        "MAE": 10.1741943359375,
        "RMSE": 14.039304733276367,
        "R2": 0.5295671820640564
    }
}