Set,TANH_MSE,TANH_MAE,TANH_RMSE,ELU_MSE,ELU_MAE,ELU_RMSE
Train,0.9497265,0.7941532,0.97453916,1.2501737,0.930857,1.1181116
Validation,8.67757,2.333709,2.9457717,43.453506,5.728169,6.5919275
Test,192.02907,12.120434,13.857455,395.66754,18.544203,19.891394
