Set,TANH_MSE,TANH_MAE,TANH_RMSE,ELU_MSE,ELU_MAE,ELU_RMSE
Train,1.2070656,0.75842315,1.0986654,0.91677326,0.6794559,0.95748276
Validation,8.489964,2.250888,2.9137542,4.8392367,1.7984542,2.1998265
Test,191.68356,12.704134,13.844983,6.376629,2.0479631,2.5251987
