Set,TANH_MSE,TANH_MAE,TANH_RMSE,ELU_MSE,ELU_MAE,ELU_RMSE
Train,3.175153,1.2369571,1.7818959,0.8319337,0.6415646,0.912104
Validation,65.20932,6.8693323,8.075229,2.5155728,1.182462,1.5860558
Test,1224.4032,32.30206,34.991474,3.8243337,1.4950578,1.9555904
