{
    "TANH Model": {
        "MAE": 93.98162841796875,
        "MAE_percent": 63.209999084472656,
        "RMSE": 95.58372781722578,
        "RMSE_percent": 64.28753856456538,
        "R2": -29.036439895629883
    },
    "ELU Model": {
        "MAE": 93.17876434326172,
        "MAE_percent": 62.67000961303711,
        "RMSE": 94.79555509423952,
        "RMSE_percent": 63.75743071585909,
        "R2": -28.543128967285156
    }
}