{
    "metadata": {
        "config_name": "70-30_split_lower_batch_lower_seq_lr_and_hidden_size",
        "timestamp": "20250522_070027",
        "description": "LSTM model for stock price prediction"
    },
    "dataset": {
        "name": "air_liquide.csv",
        "sequence_length": 25,
        "original_size": 3838,
        "processed_size": 3833,
        "sequence_dataset_size": 3808,
        "feature_columns": [
            "Close",
            "Return_1D",
            "Return_5D"
        ]
    },
    "models": {
        "TANH": {
            "architecture": {
                "model_type": "LSTM",
                "input_size": 3,
                "hidden_sizes": [
                    124
                ],
                "dropout": 0.3,
                "total_params_tanh": 310621
            },
            "total_params": 310621,
            "activation": "tanh",
            "best_epoch": 100,
            "losses_at_best_epoch": {
                "train_loss": 0.01326099122789773,
                "val_loss": 0.15559332569440207,
                "test_loss": 0.4536330004533132
            },
            "final_metrics": {
                "MAE": 93.98162841796875,
                "MAE_percent": 63.209999084472656,
                "RMSE": 95.58372781722578,
                "RMSE_percent": 64.28753856456538,
                "R2": -29.036439895629883
            }
        },
        "ELU": {
            "architecture": {
                "model_type": "LSTM",
                "input_size": 3,
                "hidden_sizes": [
                    124
                ],
                "dropout": 0.3,
                "total_params_elu": 310621
            },
            "total_params": 310621,
            "activation": "elu",
            "best_epoch": 100,
            "losses_at_best_epoch": {
                "train_loss": 0.013300479643724182,
                "val_loss": 0.1512464533249537,
                "test_loss": 0.44641344745953876
            },
            "final_metrics": {
                "MAE": 93.17876434326172,
                "MAE_percent": 62.67000961303711,
                "RMSE": 94.79555509423952,
                "RMSE_percent": 63.75743071585909,
                "R2": -28.543128967285156
            }
        }
    },
    "training_parameters": {
        "batch_size": 256,
        "epochs": 100,
        "learning_rate": 0.0001,
        "train_size": 0.7,
        "test_size": 0.15,
        "validation_size": 0.15,
        "patience": 5
    },
    "system": {
        "device": "cpu",
        "torch_version": "2.7.0+cu126",
        "python_version": "2.7.0+cu126"
    }
}