{
    "TANH Model": {
        "MAE": 21.53274917602539,
        "MAE_percent": 14.444557189941406,
        "RMSE": 22.994966702570885,
        "RMSE_percent": 15.4254390249113,
        "R2": -0.8269743919372559
    },
    "ELU Model": {
        "MAE": 28.352935791015625,
        "MAE_percent": 19.01966094970703,
        "RMSE": 29.42126924495908,
        "RMSE_percent": 19.736318849414758,
        "R2": -1.9908158779144287
    }
}