{
    "TANH Model": {
        "MAE": 8.789401054382324,
        "RMSE": 10.846592903137207,
        "R2": 0.7192025780677795
    },
    "ELU Model": {
        "MAE": 4.25171422958374,
        "RMSE": 5.205072402954102,
        "R2": 0.9353363513946533
    }
}