{
    "TANH Model": {
        "MAE": 6.429986476898193,
        "RMSE": 8.188319206237793,
        "R2": 0.8399719595909119
    },
    "ELU Model": {
        "MAE": 5.471590518951416,
        "RMSE": 6.495217800140381,
        "R2": 0.8993082642555237
    }
}