{
    "TANH Model": {
        "MAE": 6.049242973327637,
        "RMSE": 7.50939416885376,
        "R2": 0.8654088973999023
    },
    "ELU Model": {
        "MAE": 4.995301246643066,
        "RMSE": 5.506532669067383,
        "R2": 0.927629292011261
    }
}