{
    "TANH Model": {
        "MAE": 14.070396423339844,
        "RMSE": 18.559904098510742,
        "R2": 0.17783701419830322
    },
    "ELU Model": {
        "MAE": 7.120177745819092,
        "RMSE": 9.164827346801758,
        "R2": 0.7995274066925049
    }
}