{
    "TANH Model": {
        "MAE": 0.8426149487495422,
        "RMSE": 1.0600240131573218,
        "R2": 0.02961587905883789
    },
    "ELU Model": {
        "MAE": 0.7820713520050049,
        "RMSE": 0.9545526287502838,
        "R2": 0.21311360597610474
    }
}