{
  "message": "Models trained and saved successfully.",
  "results": {
    "ELU": {
      "predictions": [160.79418881914037, 160.4835585768331],
      "actuals": [170.33000181048047, 174.779998778309],
      "metrics": {
        "rmse": 12.151541709597726,
        "mse": 147.65996592009324,
        "mae": 11.916126596407992,
        "r2": -28.826570816294204
      }
    },
    "Tanh": {
      "predictions": [161.29478371920993, 162.3985070207497],
      "actuals": [170.33000181048047, 174.779998778309],
      "metrics": {
        "rmse": 10.838277171657204,
        "mse": 117.46825204966568,
        "mae": 10.70835492441492,
        "r2": -22.727996390854358
      }
    }
  }
}
