{
    "TANH Model": {
        "MAE": 10.424092292785645,
        "MAE_percent": 7.011017799377441,
        "RMSE": 11.659960608702088,
        "RMSE_percent": 7.842236167296251,
        "R2": 0.5530338287353516
    },
    "ELU Model": {
        "MAE": 3.027787208557129,
        "MAE_percent": 2.036423921585083,
        "RMSE": 3.8213246258807043,
        "RMSE_percent": 2.5701399167417334,
        "R2": 0.9519925713539124
    }
}