{
    "TANH Model": {
        "MAE": 12.704133987426758,
        "MAE_percent": 8.015726089477539,
        "RMSE": 13.84498332365994,
        "RMSE_percent": 8.73555020078717,
        "R2": -0.8883086442947388
    },
    "ELU Model": {
        "MAE": 2.0479631423950195,
        "MAE_percent": 1.2921710014343262,
        "RMSE": 2.525198779449337,
        "RMSE_percent": 1.5932847435900594,
        "R2": 0.9371827244758606
    }
}