{
    "TANH Model": {
        "MAE": 10.034072875976562,
        "RMSE": 11.592314720153809,
        "R2": 0.6792646646499634
    },
    "ELU Model": {
        "MAE": 6.039459705352783,
        "RMSE": 6.6784749031066895,
        "R2": 0.8935462236404419
    }
}