{
    "TANH Model": {
        "MAE": 11.949771881103516,
        "MAE_percent": 8.03715705871582,
        "RMSE": 13.048731506200074,
        "RMSE_percent": 8.776293298871716,
        "R2": 0.44022029638290405
    },
    "ELU Model": {
        "MAE": 3.1981072425842285,
        "MAE_percent": 2.150977373123169,
        "RMSE": 3.663527199495436,
        "RMSE_percent": 2.464008796248817,
        "R2": 0.9558755159378052
    }
}