{
    "metadata": {
        "config_name": "70-30_split_lower_batch_lower_seq_lr_and_hidden_size",
        "timestamp": "20250521_214137",
        "description": "LSTM model for stock price prediction"
    },
    "dataset": {
        "name": "air_liquide.csv",
        "sequence_length": 28,
        "original_size": 3838,
        "processed_size": 3833,
        "sequence_dataset_size": 3805,
        "feature_columns": [
            "Close",
            "Return_1D",
            "Return_5D"
        ]
    },
    "models": {
        "TANH": {
            "architecture": {
                "model_type": "LSTM",
                "input_size": 3,
                "hidden_sizes": [
                    124
                ],
                "dropout": 0.3,
                "total_params_tanh": 310621
            },
            "total_params": 310621,
            "activation": "tanh",
            "best_epoch": 36,
            "losses_at_best_epoch": {
                "train_loss": 0.00016278506986314563,
                "val_loss": 0.00012255412972687432,
                "test_loss": 0.0021944965572199887
            },
            "final_metrics": {
                "MAE": 11.949771881103516,
                "MAE_percent": 8.03715705871582,
                "RMSE": 13.048731506200074,
                "RMSE_percent": 8.776293298871716,
                "R2": 0.44022029638290405
            }
        },
        "ELU": {
            "architecture": {
                "model_type": "LSTM",
                "input_size": 3,
                "hidden_sizes": [
                    124
                ],
                "dropout": 0.3,
                "total_params_elu": 310621
            },
            "total_params": 310621,
            "activation": "elu",
            "best_epoch": 79,
            "losses_at_best_epoch": {
                "train_loss": 0.00012963460869200172,
                "val_loss": 9.864515191616697e-05,
                "test_loss": 0.0007450464949619749
            },
            "final_metrics": {
                "MAE": 3.1981072425842285,
                "MAE_percent": 2.150977373123169,
                "RMSE": 3.663527199495436,
                "RMSE_percent": 2.464008796248817,
                "R2": 0.9558755159378052
            }
        }
    },
    "training_parameters": {
        "batch_size": 64,
        "epochs": 100,
        "learning_rate": 0.0015,
        "train_size": 0.7,
        "test_size": 0.15,
        "validation_size": 0.15,
        "patience": 15
    },
    "system": {
        "device": "cpu",
        "torch_version": "2.7.0+cu126",
        "python_version": "2.7.0+cu126"
    }
}