Set,TANH_MSE,TANH_MAE,TANH_RMSE,ELU_MSE,ELU_MAE,ELU_RMSE
Train,3.9699342,1.4558642,1.9924694,2.178269,1.016191,1.475896
Validation,12.370425,2.8672185,3.5171616,9.628702,2.5293279,3.103015
Test,135.95468,10.424092,11.659961,14.602522,3.0277872,3.8213246
