{
    "TANH Model": {
        "MAE": 857418.5625,
        "RMSE": 1085458.1130564183,
        "R2": -0.49645793437957764
    },
    "ELU Model": {
        "MAE": 349213.40625,
        "RMSE": 430162.86820691533,
        "R2": 0.7649803161621094
    }
}