{
    "TANH Model": {
        "MAE": 14.677031517028809,
        "RMSE": 19.26329473184121,
        "R2": 0.11433881521224976
    },
    "ELU Model": {
        "MAE": 8.67332649230957,
        "RMSE": 10.651516128580116,
        "R2": 0.7292120456695557
    }
}