{
    "TANH Model": {
        "MAE": 7.52145528793335,
        "RMSE": 9.764286994934082,
        "R2": 0.7724444270133972
    },
    "ELU Model": {
        "MAE": 4.167062759399414,
        "RMSE": 4.739914417266846,
        "R2": 0.9463774561882019
    }
}