Set,TANH_MSE,TANH_MAE,TANH_RMSE,ELU_MSE,ELU_MAE,ELU_RMSE
Train,0.91427064,0.67842585,0.956175,2.0714116,0.99957836,1.43924
Validation,8.576319,2.3841412,2.9285352,10.769233,2.6979623,3.281651
Test,183.706,12.211562,13.553819,25.831894,4.1020775,5.0825086
