{
    "TANH Model": {
        "MAE": 5.420295238494873,
        "RMSE": 6.738439559936523,
        "R2": 0.8916260004043579
    },
    "ELU Model": {
        "MAE": 12.34131145477295,
        "RMSE": 19.08405113220215,
        "R2": 0.13074427843093872
    }
}