{
    "TANH Model": {
        "MAE": 5.7165422439575195,
        "RMSE": 7.128952503204346,
        "R2": 0.8787007927894592
    },
    "ELU Model": {
        "MAE": 2.4456112384796143,
        "RMSE": 3.15828275680542,
        "R2": 0.9761927723884583
    }
}