{
    "TANH Model": {
        "MAE": 92.20255279541016,
        "MAE_percent": 62.01343536376953,
        "RMSE": 93.83705333249227,
        "RMSE_percent": 63.11276325645263,
        "R2": -27.948711395263672
    },
    "ELU Model": {
        "MAE": 92.14938354492188,
        "MAE_percent": 61.9776725769043,
        "RMSE": 93.78388970793438,
        "RMSE_percent": 63.07700655767087,
        "R2": -27.915918350219727
    }
}