Set,TANH_MSE,TANH_MAE,TANH_RMSE,ELU_MSE,ELU_MAE,ELU_RMSE
Train,2.4956768,1.1324488,1.5797712,10.116357,2.319874,3.180622
Validation,51.589996,6.6154213,7.1826177,138.5178,10.8717985,11.769359
Test,528.7685,21.53275,22.994967,865.6111,28.352936,29.421268
