{
    "TANH Model": {
        "MAE": 21.261648178100586,
        "RMSE": 26.477617263793945,
        "R2": -0.6732631921768188
    },
    "ELU Model": {
        "MAE": 77.70410919189453,
        "RMSE": 80.35758209228516,
        "R2": -14.412040710449219
    }
}