Set,TANH_MSE,TANH_MAE,TANH_RMSE,ELU_MSE,ELU_MAE,ELU_RMSE
Train,1.7120585,0.8930347,1.3084565,8.496886,2.243564,2.9149418
Validation,6.6468115,2.0367649,2.578141,448.29404,18.381393,21.172955
Test,64.67656,7.061617,8.042173,48167.664,173.40425,219.47133
