Set,TANH_MSE,TANH_MAE,TANH_RMSE,ELU_MSE,ELU_MAE,ELU_RMSE
Train,1.2852352,0.7758733,1.1336821,7.8711905,2.1527712,2.8055642
Validation,19.165442,3.587197,4.3778353,348.48114,13.203941,18.66765
Test,548.95184,21.093424,23.429722,9922.432,93.546455,99.611404
