Set,TANH_MSE,TANH_MAE,TANH_RMSE,ELU_MSE,ELU_MAE,ELU_RMSE
Train,2.1299589,1.103218,1.4594378,2.6542552,1.3326719,1.6291885
Validation,26.875673,4.6518564,5.1841755,9.729398,2.6628993,3.1191983
Test,295.42493,16.009596,17.18793,21.889446,3.8127906,4.678616
