{
    "TANH Model": {
        "MAE": 16.452438354492188,
        "RMSE": 21.94354820251465,
        "R2": -0.14926493167877197
    },
    "ELU Model": {
        "MAE": 42.60341262817383,
        "RMSE": 44.22691345214844,
        "R2": -3.6685256958007812
    }
}