{
    "TANH Model": {
        "MAE": 14.300293922424316,
        "RMSE": 18.67656898498535,
        "R2": 0.16746854782104492
    },
    "ELU Model": {
        "MAE": 15.263054847717285,
        "RMSE": 16.918254852294922,
        "R2": 0.316847562789917
    }
}