{
    "TANH Model": {
        "MAE": 11.38015365600586,
        "RMSE": 13.120393753051758,
        "R2": 0.5891339778900146
    },
    "ELU Model": {
        "MAE": 6.383406639099121,
        "RMSE": 7.472475528717041,
        "R2": 0.8667290806770325
    }
}