Metric,Value
RMSE,9.621828401930875
MAE,7.513567122202073
R²,0.7790359544020646
