{
    "TANH Model": {
        "MAE": 10.27114200592041,
        "MAE_percent": 6.908146858215332,
        "RMSE": 11.387586400262238,
        "RMSE_percent": 7.6590431926243205,
        "R2": 0.5736719369888306
    },
    "ELU Model": {
        "MAE": 1.844772219657898,
        "MAE_percent": 1.2407537698745728,
        "RMSE": 2.3206026557321304,
        "RMSE_percent": 1.560786926083107,
        "R2": 0.982295572757721
    }
}