Set,TANH_MSE,TANH_MAE,TANH_RMSE,ELU_MSE,ELU_MAE,ELU_RMSE
Train,33.939194,4.81973,5.8257356,48.878334,5.7573676,6.9913044
Validation,1187.2976,31.120684,34.457184,26399.424,112.8736,162.47899
Test,6180.467,75.77524,78.615944,94153320.0,7112.562,9703.264
