{
    "TANH Model": {
        "MAE": 21.09342384338379,
        "MAE_percent": 14.186978340148926,
        "RMSE": 23.429721365430677,
        "RMSE_percent": 15.758321528507041,
        "R2": -0.8047405481338501
    },
    "ELU Model": {
        "MAE": 93.54645538330078,
        "MAE_percent": 62.91731643676758,
        "RMSE": 99.61140316562657,
        "RMSE_percent": 66.99646549385389,
        "R2": -31.62110137939453
    }
}