{
    "metadata": {
        "config_name": "70-30_split_lower_batch_lower_seq_lr_and_hidden_size",
        "timestamp": "20250522_084350",
        "description": "LSTM model for stock price prediction"
    },
    "dataset": {
        "name": "air_liquide.csv",
        "sequence_length": 25,
        "original_size": 3838,
        "processed_size": 3833,
        "sequence_dataset_size": 3808,
        "feature_columns": [
            "Close",
            "Return_1D",
            "Return_5D"
        ]
    },
    "models": {
        "TANH": {
            "architecture": {
                "model_type": "LSTM",
                "input_size": 3,
                "hidden_sizes": [
                    124
                ],
                "dropout": 0.3,
                "total_params_tanh": 310621
            },
            "total_params": 310621,
            "activation": "tanh",
            "best_epoch": 27,
            "losses_at_best_epoch": {
                "train_loss": 0.0002572671655798331,
                "val_loss": 0.0005398009622391934,
                "test_loss": 0.03080448942879836
            },
            "final_metrics": {
                "MAE": 21.09342384338379,
                "MAE_percent": 14.186978340148926,
                "RMSE": 23.429721365430677,
                "RMSE_percent": 15.758321528507041,
                "R2": -0.8047405481338501
            }
        },
        "ELU": {
            "architecture": {
                "model_type": "LSTM",
                "input_size": 3,
                "hidden_sizes": [
                    124
                ],
                "dropout": 0.3,
                "total_params_elu": 310621
            },
            "total_params": 310621,
            "activation": "elu",
            "best_epoch": 11,
            "losses_at_best_epoch": {
                "train_loss": 0.0008881778869015926,
                "val_loss": 0.00971102217833201,
                "test_loss": 0.49258919556935626
            },
            "final_metrics": {
                "MAE": 93.54645538330078,
                "MAE_percent": 62.91731643676758,
                "RMSE": 99.61140316562657,
                "RMSE_percent": 66.99646549385389,
                "R2": -31.62110137939453
            }
        }
    },
    "training_parameters": {
        "batch_size": 256,
        "epochs": 100,
        "learning_rate": 0.01,
        "train_size": 0.7,
        "test_size": 0.15,
        "validation_size": 0.15,
        "patience": 5
    },
    "system": {
        "device": "cpu",
        "torch_version": "2.7.0+cu126",
        "python_version": "2.7.0+cu126"
    }
}