{
    "TANH Model": {
        "MAE": 11.962889671325684,
        "MAE_percent": 8.472834587097168,
        "RMSE": 14.404142080736056,
        "RMSE_percent": 10.201875624216337,
        "R2": 0.504772961139679
    },
    "ELU Model": {
        "MAE": 6.122317790985107,
        "MAE_percent": 4.3361921310424805,
        "RMSE": 7.095457703314935,
        "RMSE_percent": 5.025427865149721,
        "R2": 0.8798315525054932
    }
}