{
    "TANH Model": {
        "MAE": 0.9148308634757996,
        "RMSE": 1.097943414341785,
        "R2": -0.04060697555541992
    },
    "ELU Model": {
        "MAE": 0.9823082685470581,
        "RMSE": 1.1954462313173375,
        "R2": -0.2336355447769165
    }
}