{
    "TANH Model": {
        "MAE": 0.8856788873672485,
        "RMSE": 1.0796178350870052,
        "R2": 0.0034862160682678223
    },
    "ELU Model": {
        "MAE": 0.5787822604179382,
        "RMSE": 0.72542207697984,
        "R2": 0.5500909090042114
    }
}