{
    "TANH Model": {
        "MAE": 1.1430851221084595,
        "RMSE": 1.3628541118774344,
        "R2": -0.5879688262939453
    },
    "ELU Model": {
        "MAE": 1.113657832145691,
        "RMSE": 1.3334902829937934,
        "R2": -0.520277738571167
    }
}