{
    "TANH Model": {
        "MAE": 14.298432350158691,
        "MAE_percent": 10.121613502502441,
        "RMSE": 17.39760431042698,
        "RMSE_percent": 12.315464478816148,
        "R2": 0.2779719829559326
    },
    "ELU Model": {
        "MAE": 1698.9903564453125,
        "MAE_percent": 1202.68603515625,
        "RMSE": 4863.264130190751,
        "RMSE_percent": 3442.620925144777,
        "R2": -56418.71484375
    }
}