Set,TANH_MSE,TANH_MAE,TANH_RMSE,ELU_MSE,ELU_MAE,ELU_RMSE
Train,3.8175814,1.4585869,1.9538631,4.479261,1.7209393,2.1164265
Validation,55.310932,6.434855,7.437132,23.596247,4.3679094,4.857597
Test,971.8858,28.850098,31.175083,70.364494,7.939689,8.388354
