{
    "TANH Model": {
        "MAE": 16.00959587097168,
        "MAE_percent": 10.710698127746582,
        "RMSE": 17.18792968212904,
        "RMSE_percent": 11.499023818615692,
        "R2": -0.07923400402069092
    },
    "ELU Model": {
        "MAE": 3.812790632247925,
        "MAE_percent": 2.550823211669922,
        "RMSE": 4.678615848575829,
        "RMSE_percent": 3.1300753538027193,
        "R2": 0.9200344085693359
    }
}