Set,TANH_MSE,TANH_MAE,TANH_RMSE,ELU_MSE,ELU_MAE,ELU_RMSE
Train,0.8226195,0.6320065,0.90698373,1.7383834,0.9889486,1.3184776
Validation,12.605212,3.1302814,3.550382,14.108971,3.4764109,3.756191
Test,170.2694,11.949772,13.048732,13.421432,3.1981072,3.6635273
