{
    "TANH Model": {
        "MAE": 75.77523803710938,
        "MAE_percent": 50.964778900146484,
        "RMSE": 78.61594492769899,
        "RMSE_percent": 52.875376455221044,
        "R2": -19.3189754486084
    },
    "ELU Model": {
        "MAE": 7112.56201171875,
        "MAE_percent": 4783.7548828125,
        "RMSE": 9703.263368578635,
        "RMSE_percent": 6526.204117111392,
        "R2": -309538.5625
    }
}