Set,TANH_MSE,TANH_MAE,TANH_RMSE,ELU_MSE,ELU_MAE,ELU_RMSE
Train,6.3730974,1.8922213,2.5244994,3.0165424,1.2357423,1.7368196
Validation,154.05125,11.044457,12.411738,9.116157,2.4013078,3.0192974
Test,1878.471,40.72296,43.34133,20.376345,3.6169612,4.5140166
